{
	"info": {
		"_postman_id": "e703979d-3495-414b-8830-f34acd1e8e4b",
		"name": "LamdaApigatewayDynamoDb",
		"schema": "https://schema.getpostman.com/json/collection/v2.1.0/collection.json",
		"_exporter_id": "6737789"
	},
	"item": [
		{
			"name": "Lamda-apigatway-dynamodb-crud",
			"protocolProfileBehavior": {
				"disableBodyPruning": true
			},
			"request": {
				"method": "GET",
				"header": [],
				"body": {
					"mode": "raw",
					"raw": "{\n    \"operation\": \"list\",\n    \"tableName\": \"lambda-apigateway\",\n    \"payload\": {\n    }\n}",
					"options": {
						"raw": {
							"language": "json"
						}
					}
				},
				"url": {
					"raw": "https://gyhx0onpx0.execute-api.us-east-1.amazonaws.com/Prod/DynamoDBManager",
					"protocol": "https",
					"host": [
						"gyhx0onpx0",
						"execute-api",
						"us-east-1",
						"amazonaws",
						"com"
					],
					"path": [
						"Prod",
						"DynamoDBManager"
					]
				}
			},
			"response": []
		},
		{
			"name": "https://gyhx0onpx0.execute-api.us-east-1.amazonaws.com/Prod/DynamoDBManager",
			"request": {
				"method": "POST",
				"header": [],
				"body": {
					"mode": "raw",
					"raw": "{\n    \"operation\": \"create\",\n    \"tableName\": \"lambda-apigateway\",\n    \"payload\": {\n        \"Item\": {\n            \"id\": \"12345ABCD\",\n            \"number\": 6\n        }\n    }\n}",
					"options": {
						"raw": {
							"language": "json"
						}
					}
				},
				"url": {
					"raw": "https://gyhx0onpx0.execute-api.us-east-1.amazonaws.com/Prod/DynamoDBManager",
					"protocol": "https",
					"host": [
						"gyhx0onpx0",
						"execute-api",
						"us-east-1",
						"amazonaws",
						"com"
					],
					"path": [
						"Prod",
						"DynamoDBManager"
					]
				}
			},
			"response": []
		},
		{
			"name": "https://gyhx0onpx0.execute-api.us-east-1.amazonaws.com/Prod/DynamoDBManager",
			"request": {
				"method": "PATCH",
				"header": [],
				"body": {
					"mode": "raw",
					"raw": "{\n    \"operation\": \"update\",\n    \"tableName\": \"lambda-apigateway\",\n    \"payload\": {\n        \"Key\": {\n            \"id\": \"12345ABCD\"\n        },\n        \"ExpressionAttributeNames\": {\n            \"#N\": \"number\"\n        },\n        \"ExpressionAttributeValues\": {\n            \":n\": 988\n        },\n        \"UpdateExpression\": \"SET #N = :n\",\n        \"ReturnValues\": \"ALL_NEW\"\n    }\n}",
					"options": {
						"raw": {
							"language": "json"
						}
					}
				},
				"url": {
					"raw": "https://gyhx0onpx0.execute-api.us-east-1.amazonaws.com/Prod/DynamoDBManager",
					"protocol": "https",
					"host": [
						"gyhx0onpx0",
						"execute-api",
						"us-east-1",
						"amazonaws",
						"com"
					],
					"path": [
						"Prod",
						"DynamoDBManager"
					]
				}
			},
			"response": []
		},
		{
			"name": "https://gyhx0onpx0.execute-api.us-east-1.amazonaws.com/Prod/DynamoDBManager",
			"request": {
				"method": "DELETE",
				"header": [],
				"body": {
					"mode": "raw",
					"raw": "{\n    \"operation\": \"delete\",\n    \"tableName\": \"lambda-apigateway\",\n    \"payload\": {\n        \"Key\": {\n            \"id\": \"12345ABCD\"\n        }\n    }\n}",
					"options": {
						"raw": {
							"language": "json"
						}
					}
				},
				"url": {
					"raw": "https://gyhx0onpx0.execute-api.us-east-1.amazonaws.com/Prod/DynamoDBManager",
					"protocol": "https",
					"host": [
						"gyhx0onpx0",
						"execute-api",
						"us-east-1",
						"amazonaws",
						"com"
					],
					"path": [
						"Prod",
						"DynamoDBManager"
					]
				}
			},
			"response": []
		}
	]
}